{"stats":{"minecraft:picked_up":{"minecraft:saddle":1},"minecraft:custom":{"minecraft:jump":97,"minecraft:open_chest":3,"minecraft:time_since_rest":9054,"minecraft:damage_dealt":9,"minecraft:crouch_one_cm":570,"minecraft:leave_game":1,"minecraft:play_time":9054,"minecraft:sprint_one_cm":11760,"minecraft:damage_taken":40,"minecraft:time_since_death":9054,"minecraft:walk_one_cm":8771,"minecraft:sneak_time":92,"minecraft:total_world_time":9054,"minecraft:drop":1,"minecraft:fall_one_cm":5718,"minecraft:fly_one_cm":26284,"minecraft:horse_one_cm":5172},"minecraft:used":{"alexsmobs:animal_dictionary":2,"minecraft:apple":2},"minecraft:dropped":{"minecraft:saddle":1},"minecraft:mined":{"minecraft:grass":2}},"DataVersion":3465}