{"stats":{"minecraft:picked_up":{"minecraft:iron_chestplate":1,"minecraft:stick":7,"minecraft:torch":1,"minecraft:acacia_log":25,"minecraft:potato":1,"minecraft:gravel":3,"tombstone:grave_dust":2,"minecraft:dirt":3,"minecraft:string":3,"minecraft:bundle":1,"minecraft:bone":1,"minecraft:arrow":1,"minecraft:rotten_flesh":5,"minecraft:hay_block":6,"minecraft:saddle":1,"minecraft:iron_sword":1,"minecraft:acacia_sapling":2,"minecraft:coal":40,"minecraft:cobblestone":124},"minecraft:custom":{"minecraft:time_since_rest":5289,"minecraft:sprint_one_cm":85346,"minecraft:damage_taken":961,"minecraft:walk_one_cm":86989,"minecraft:mob_kills":13,"minecraft:drop":2,"minecraft:damage_dealt":4590,"minecraft:talked_to_villager":1,"minecraft:interact_with_crafting_table":5,"minecraft:fly_one_cm":87978,"minecraft:open_chest":8,"minecraft:crouch_one_cm":570,"minecraft:deaths":2,"minecraft:play_time":69054,"tombstone:undead_killed":10,"minecraft:sneak_time":92,"minecraft:jump":452,"minecraft:leave_game":1,"minecraft:time_since_death":11301,"minecraft:sleep_in_bed":2,"minecraft:total_world_time":69054,"minecraft:climb_one_cm":1112,"minecraft:fall_one_cm":12702,"minecraft:horse_one_cm":5172},"minecraft:used":{"minecraft:apple":5,"minecraft:bread":7,"minecraft:stone_pickaxe":154,"minecraft:wooden_pickaxe":10,"minecraft:iron_sword":99,"minecraft:stone_axe":23,"minecraft:iron_chestplate":1,"minecraft:torch":4,"minecraft:dirt":3,"minecraft:cobblestone":4,"minecraft:crafting_table":1,"tombstone:gift":1,"alexsmobs:animal_dictionary":2,"minecraft:potato":8},"minecraft:dropped":{"minecraft:potato":1,"minecraft:saddle":1},"minecraft:killed":{"minecraft:skeleton":1,"undead_revamp2:thesomnolence":2,"undead_revamp2:theimmortal":9},"minecraft:killed_by":{"minecraft:zombie":2},"minecraft:mined":{"minecraft:hay_block":6,"minecraft:acacia_leaves":1,"minecraft:torch":1,"minecraft:grass":16,"minecraft:acacia_log":25,"minecraft:coal_ore":40,"minecraft:dirt_path":3,"minecraft:gravel":3,"minecraft:cobblestone":4,"minecraft:stone":120,"minecraft:oak_leaves":4},"minecraft:crafted":{"minecraft:crafting_table":1,"minecraft:stick":12,"minecraft:wooden_pickaxe":1,"minecraft:stone_pickaxe":3,"minecraft:acacia_planks":32,"minecraft:torch":20,"minecraft:stone_axe":1,"minecraft:wheat":54},"minecraft:broken":{"minecraft:stone_pickaxe":1}},"DataVersion":3465}