{"stats":{"minecraft:custom":{"minecraft:mob_kills":13,"minecraft:interact_with_crafting_table":12,"minecraft:leave_game":1,"minecraft:time_since_death":47301,"minecraft:sleep_in_bed":4,"minecraft:climb_one_cm":1112,"minecraft:time_since_rest":13081,"minecraft:sprint_one_cm":127657,"minecraft:walk_one_cm":192261,"minecraft:damage_taken":1188,"minecraft:drop":2,"minecraft:damage_dealt":4769,"minecraft:swim_one_cm":7880,"minecraft:talked_to_villager":1,"minecraft:fly_one_cm":109226,"minecraft:open_chest":13,"minecraft:crouch_one_cm":572,"minecraft:play_time":105054,"tombstone:undead_killed":10,"minecraft:deaths":2,"minecraft:sneak_time":238,"minecraft:walk_under_water_one_cm":10683,"minecraft:jump":763,"minecraft:walk_on_water_one_cm":6268,"minecraft:total_world_time":105054,"minecraft:fall_one_cm":18344,"minecraft:horse_one_cm":5172},"minecraft:picked_up":{"minecraft:iron_chestplate":1,"minecraft:andesite":65,"minecraft:potato":1,"minecraft:flint":7,"minecraft:oak_log":33,"minecraft:yellow_bed":2,"minecraft:cobblestone_stairs":5,"minecraft:string":3,"minecraft:dirt":8,"minecraft:bone":1,"minecraft:apple":1,"minecraft:oak_fence_gate":2,"minecraft:poppy":1,"minecraft:iron_sword":1,"minecraft:acacia_sapling":2,"minecraft:stick":10,"minecraft:oak_door":2,"minecraft:oak_fence":7,"minecraft:torch":2,"minecraft:acacia_log":25,"minecraft:gravel":94,"tombstone:grave_dust":2,"minecraft:diorite":31,"minecraft:bundle":1,"minecraft:arrow":1,"minecraft:rotten_flesh":5,"minecraft:hay_block":6,"minecraft:saddle":1,"minecraft:oak_sapling":3,"minecraft:coal":40,"minecraft:cobblestone":522},"minecraft:used":{"minecraft:oak_fence":1,"minecraft:cobblestone_stairs":3,"minecraft:stone_shovel":97,"minecraft:stone_pickaxe":321,"minecraft:oak_planks":26,"minecraft:wooden_pickaxe":61,"minecraft:iron_sword":101,"vanillaplustools:stone_hammer":33,"minecraft:iron_chestplate":1,"minecraft:oak_door":2,"minecraft:torch":11,"minecraft:dirt":3,"minecraft:crafting_table":1,"quark:acacia_chest":2,"minecraft:oak_log":24,"minecraft:apple":5,"minecraft:bread":12,"minecraft:gravel":28,"minecraft:stone_axe":75,"minecraft:cobblestone":117,"minecraft:acacia_fence":12,"tombstone:gift":1,"minecraft:yellow_bed":2,"alexsmobs:animal_dictionary":2,"minecraft:potato":8},"minecraft:dropped":{"minecraft:saddle":1,"minecraft:potato":1},"minecraft:killed":{"undead_revamp2:theimmortal":9,"minecraft:skeleton":1,"undead_revamp2:thesomnolence":2},"minecraft:killed_by":{"minecraft:zombie":2},"minecraft:mined":{"minecraft:acacia_leaves":1,"minecraft:glass_pane":1,"minecraft:oak_door":2,"minecraft:cobblestone_stairs":5,"minecraft:oak_fence":7,"minecraft:torch":1,"minecraft:acacia_log":25,"minecraft:grass_block":2,"minecraft:poppy":1,"minecraft:cobblestone":43,"minecraft:diorite":33,"minecraft:hay_block":6,"minecraft:andesite":65,"minecraft:yellow_bed":2,"minecraft:grass":22,"minecraft:coal_ore":40,"minecraft:oak_log":33,"minecraft:dirt_path":6,"minecraft:oak_fence_gate":2,"minecraft:gravel":101,"minecraft:stone":488,"minecraft:oak_leaves":10},"minecraft:crafted":{"minecraft:oak_planks":36,"minecraft:stone_shovel":1,"vanillaplustools:stone_hammer":1,"minecraft:crafting_table":1,"minecraft:wooden_pickaxe":1,"minecraft:stone_axe":1,"minecraft:bread":18,"quark:acacia_chest":2,"minecraft:stick":44,"minecraft:stone_pickaxe":12,"minecraft:acacia_fence":12,"minecraft:acacia_planks":100,"minecraft:torch":20,"minecraft:wheat":54},"minecraft:broken":{"minecraft:stone_pickaxe":2,"minecraft:wooden_pickaxe":1}},"DataVersion":3465}