{"stats":{"minecraft:dropped":{"minecraft:iron_sword":1,"minecraft:saddle":1,"minecraft:potato":1},"minecraft:crafted":{"minecraft:coal_block":1,"minecraft:oak_planks":108,"minecraft:stone_shovel":1,"vanillaplustools:stone_hammer":1,"minecraft:crafting_table":1,"minecraft:wooden_pickaxe":1,"minecraft:furnace":4,"minecraft:stone_axe":2,"minecraft:bread":18,"quark:acacia_chest":2,"minecraft:stick":44,"minecraft:stone_pickaxe":13,"minecraft:oak_stairs":48,"minecraft:acacia_fence":12,"minecraft:acacia_planks":100,"minecraft:torch":20,"minecraft:wheat":54},"minecraft:killed":{"minecraft:pig":1,"undead_revamp2:theimmortal":9,"enemyexpansion:goblin_fear":1,"minecraft:skeleton":1,"undead_revamp2:thesomnolence":2,"enemyexpansion:vampire":1,"enemyexpansion:vampflyer":1},"minecraft:used":{"minecraft:oak_fence":1,"minecraft:cobblestone_stairs":6,"minecraft:stone_shovel":105,"minecraft:stone_pickaxe":507,"minecraft:oak_planks":26,"minecraft:wooden_pickaxe":61,"minecraft:iron_sword":132,"vanillaplustools:stone_hammer":68,"minecraft:iron_chestplate":1,"minecraft:oak_door":2,"minecraft:torch":17,"minecraft:dirt":3,"minecraft:crafting_table":2,"quark:acacia_chest":2,"minecraft:oak_log":28,"minecraft:apple":5,"minecraft:oak_stairs":107,"minecraft:bread":21,"minecraft:gravel":33,"minecraft:cobblestone":344,"minecraft:stone_axe":172,"minecraft:oak_sapling":3,"minecraft:furnace":4,"minecraft:andesite":3,"minecraft:acacia_fence":12,"tombstone:gift":2,"alexsmobs:animal_dictionary":2,"minecraft:yellow_bed":2,"minecraft:potato":8},"minecraft:broken":{"minecraft:stone_pickaxe":3,"minecraft:stone_axe":1,"minecraft:wooden_pickaxe":1},"minecraft:picked_up":{"minecraft:crafting_table":1,"minecraft:iron_chestplate":1,"minecraft:andesite":73,"minecraft:oak_stairs":67,"minecraft:potato":1,"minecraft:flint":7,"minecraft:oak_log":56,"minecraft:yellow_bed":2,"minecraft:gunpowder":2,"minecraft:cobblestone_stairs":8,"minecraft:dirt":8,"minecraft:string":5,"minecraft:raw_copper":3,"minecraft:bone":1,"minecraft:apple":1,"minecraft:oak_fence_gate":2,"minecraft:poppy":1,"minecraft:acacia_sapling":2,"minecraft:iron_sword":2,"minecraft:stick":11,"minecraft:raw_iron":12,"minecraft:oak_door":2,"minecraft:oak_fence":7,"minecraft:torch":3,"minecraft:acacia_log":25,"minecraft:gravel":102,"minecraft:porkchop":2,"tombstone:grave_dust":2,"minecraft:diorite":45,"minecraft:bundle":1,"minecraft:arrow":1,"minecraft:rotten_flesh":5,"minecraft:hay_block":6,"minecraft:granite":12,"minecraft:saddle":1,"minecraft:oak_sapling":3,"minecraft:coal":66,"minecraft:cobblestone":900},"minecraft:killed_by":{"minecraft:zombie":2,"enemyexpansion:vampire":1},"minecraft:custom":{"minecraft:interact_with_furnace":6,"minecraft:mob_kills":17,"minecraft:interact_with_crafting_table":20,"minecraft:leave_game":2,"minecraft:time_since_death":47819,"minecraft:sleep_in_bed":8,"minecraft:climb_one_cm":1112,"minecraft:time_since_rest":3689,"minecraft:sprint_one_cm":198009,"minecraft:damage_taken":1766,"minecraft:walk_one_cm":340133,"minecraft:drop":3,"minecraft:damage_dealt":7732,"minecraft:swim_one_cm":8404,"minecraft:talked_to_villager":1,"minecraft:fly_one_cm":150004,"minecraft:open_chest":21,"minecraft:crouch_one_cm":9266,"minecraft:play_time":153492,"minecraft:sneak_time":4403,"tombstone:undead_killed":12,"minecraft:deaths":3,"minecraft:walk_under_water_one_cm":10821,"minecraft:jump":1335,"minecraft:walk_on_water_one_cm":7257,"minecraft:total_world_time":153492,"minecraft:fall_one_cm":34160,"minecraft:horse_one_cm":5172},"minecraft:mined":{"minecraft:acacia_leaves":1,"minecraft:glass_pane":1,"minecraft:oak_door":2,"minecraft:cobblestone_stairs":8,"minecraft:oak_fence":7,"minecraft:crafting_table":1,"minecraft:torch":1,"minecraft:granite":12,"minecraft:acacia_log":25,"minecraft:grass_block":2,"minecraft:poppy":1,"minecraft:tall_grass":1,"minecraft:copper_ore":1,"minecraft:cobblestone":153,"minecraft:diorite":45,"minecraft:wall_torch":1,"minecraft:hay_block":6,"minecraft:iron_ore":12,"minecraft:andesite":73,"minecraft:yellow_bed":2,"minecraft:grass":23,"minecraft:oak_log":56,"minecraft:coal_ore":67,"minecraft:dirt_path":6,"minecraft:oak_fence_gate":2,"minecraft:oak_stairs":70,"minecraft:gravel":110,"minecraft:cobweb":2,"minecraft:stone":753,"minecraft:oak_leaves":12}},"DataVersion":3465}