{"stats":{"minecraft:custom":{"minecraft:mob_kills":13,"minecraft:interact_with_crafting_table":7,"minecraft:leave_game":1,"minecraft:time_since_death":23301,"minecraft:sleep_in_bed":3,"minecraft:climb_one_cm":1112,"minecraft:time_since_rest":2774,"minecraft:sprint_one_cm":111278,"minecraft:walk_one_cm":134734,"minecraft:damage_taken":1188,"minecraft:drop":2,"minecraft:damage_dealt":4600,"minecraft:talked_to_villager":1,"minecraft:fly_one_cm":102193,"minecraft:open_chest":9,"minecraft:crouch_one_cm":570,"minecraft:play_time":81054,"tombstone:undead_killed":10,"minecraft:deaths":2,"minecraft:sneak_time":92,"minecraft:jump":588,"minecraft:total_world_time":81054,"minecraft:fall_one_cm":16432,"minecraft:horse_one_cm":5172},"minecraft:picked_up":{"minecraft:iron_chestplate":1,"minecraft:potato":1,"minecraft:oak_log":22,"minecraft:yellow_bed":1,"minecraft:cobblestone_stairs":4,"minecraft:string":3,"minecraft:dirt":3,"minecraft:bone":1,"minecraft:iron_sword":1,"minecraft:acacia_sapling":2,"minecraft:stick":9,"minecraft:oak_door":2,"minecraft:oak_fence":1,"minecraft:torch":2,"minecraft:acacia_log":25,"minecraft:gravel":3,"tombstone:grave_dust":2,"minecraft:bundle":1,"minecraft:arrow":1,"minecraft:rotten_flesh":5,"minecraft:hay_block":6,"minecraft:saddle":1,"minecraft:oak_sapling":2,"minecraft:coal":40,"minecraft:cobblestone":154},"minecraft:used":{"minecraft:oak_fence":1,"minecraft:cobblestone_stairs":2,"minecraft:stone_pickaxe":189,"minecraft:wooden_pickaxe":10,"minecraft:iron_sword":99,"minecraft:iron_chestplate":1,"minecraft:oak_door":2,"minecraft:torch":4,"minecraft:dirt":3,"minecraft:crafting_table":1,"minecraft:oak_log":11,"minecraft:apple":5,"minecraft:bread":10,"minecraft:stone_axe":54,"minecraft:cobblestone":62,"tombstone:gift":1,"minecraft:yellow_bed":1,"alexsmobs:animal_dictionary":2,"minecraft:potato":8},"minecraft:dropped":{"minecraft:saddle":1,"minecraft:potato":1},"minecraft:killed":{"undead_revamp2:theimmortal":9,"minecraft:skeleton":1,"undead_revamp2:thesomnolence":2},"minecraft:killed_by":{"minecraft:zombie":2},"minecraft:mined":{"minecraft:acacia_leaves":1,"minecraft:oak_door":2,"minecraft:cobblestone_stairs":4,"minecraft:oak_fence":1,"minecraft:torch":1,"minecraft:acacia_log":25,"minecraft:cobblestone":27,"minecraft:hay_block":6,"minecraft:yellow_bed":1,"minecraft:grass":17,"minecraft:coal_ore":40,"minecraft:oak_log":22,"minecraft:dirt_path":3,"minecraft:gravel":3,"minecraft:stone":127,"minecraft:oak_leaves":9},"minecraft:crafted":{"minecraft:crafting_table":1,"minecraft:wooden_pickaxe":1,"minecraft:stone_axe":1,"minecraft:stick":20,"minecraft:stone_pickaxe":3,"minecraft:acacia_planks":100,"minecraft:torch":20,"minecraft:wheat":54},"minecraft:broken":{"minecraft:stone_pickaxe":1}},"DataVersion":3465}