{"stats":{"minecraft:picked_up":{"minecraft:stick":1,"minecraft:acacia_log":8,"tombstone:grave_dust":2,"minecraft:dirt":1,"minecraft:string":2,"minecraft:bone":1,"minecraft:arrow":1,"minecraft:hay_block":6,"minecraft:saddle":1,"minecraft:coal":24,"minecraft:cobblestone":10},"minecraft:custom":{"minecraft:time_since_rest":21054,"minecraft:sprint_one_cm":38307,"minecraft:damage_taken":279,"minecraft:walk_one_cm":36597,"minecraft:mob_kills":6,"minecraft:drop":1,"minecraft:damage_dealt":1300,"minecraft:talked_to_villager":1,"minecraft:interact_with_crafting_table":2,"minecraft:fly_one_cm":51666,"minecraft:open_chest":7,"minecraft:crouch_one_cm":570,"minecraft:play_time":21054,"tombstone:undead_killed":4,"minecraft:sneak_time":92,"minecraft:jump":230,"minecraft:leave_game":1,"minecraft:time_since_death":21054,"minecraft:total_world_time":21054,"minecraft:climb_one_cm":1112,"minecraft:fall_one_cm":8764,"minecraft:horse_one_cm":5172},"minecraft:used":{"minecraft:apple":2,"minecraft:bread":2,"minecraft:stone_pickaxe":24,"minecraft:wooden_pickaxe":10,"minecraft:iron_sword":33,"minecraft:iron_chestplate":1,"minecraft:crafting_table":1,"alexsmobs:animal_dictionary":2,"minecraft:potato":8},"minecraft:dropped":{"minecraft:saddle":1},"minecraft:killed":{"minecraft:skeleton":1,"undead_revamp2:thesomnolence":2,"undead_revamp2:theimmortal":3},"minecraft:mined":{"minecraft:hay_block":6,"minecraft:grass":11,"minecraft:acacia_log":8,"minecraft:coal_ore":24,"minecraft:dirt_path":1,"minecraft:stone":10},"minecraft:crafted":{"minecraft:crafting_table":1,"minecraft:stick":4,"minecraft:wooden_pickaxe":1,"minecraft:stone_pickaxe":1,"minecraft:acacia_planks":32,"minecraft:wheat":54}},"DataVersion":3465}