{"stats":{"minecraft:custom":{"minecraft:interact_with_furnace":3,"minecraft:mob_kills":16,"minecraft:interact_with_crafting_table":19,"minecraft:leave_game":2,"minecraft:time_since_death":35545,"minecraft:sleep_in_bed":7,"minecraft:climb_one_cm":1112,"minecraft:time_since_rest":7772,"minecraft:sprint_one_cm":175157,"minecraft:walk_one_cm":295584,"minecraft:damage_taken":1736,"minecraft:drop":3,"minecraft:damage_dealt":7632,"minecraft:swim_one_cm":8404,"minecraft:talked_to_villager":1,"minecraft:fly_one_cm":128248,"minecraft:open_chest":20,"minecraft:crouch_one_cm":8175,"minecraft:play_time":141218,"tombstone:undead_killed":12,"minecraft:deaths":3,"minecraft:sneak_time":3793,"minecraft:walk_under_water_one_cm":10821,"minecraft:jump":1187,"minecraft:walk_on_water_one_cm":7257,"minecraft:total_world_time":141218,"minecraft:fall_one_cm":30435,"minecraft:horse_one_cm":5172},"minecraft:picked_up":{"minecraft:crafting_table":1,"minecraft:iron_chestplate":1,"minecraft:andesite":73,"minecraft:oak_stairs":67,"minecraft:potato":1,"minecraft:flint":7,"minecraft:oak_log":41,"minecraft:yellow_bed":2,"minecraft:gunpowder":2,"minecraft:cobblestone_stairs":6,"minecraft:string":5,"minecraft:dirt":8,"minecraft:raw_copper":3,"minecraft:bone":1,"minecraft:apple":1,"minecraft:oak_fence_gate":2,"minecraft:poppy":1,"minecraft:iron_sword":2,"minecraft:acacia_sapling":2,"minecraft:raw_iron":12,"minecraft:stick":10,"minecraft:oak_door":2,"minecraft:oak_fence":7,"minecraft:torch":2,"minecraft:acacia_log":25,"minecraft:gravel":98,"tombstone:grave_dust":2,"minecraft:diorite":45,"minecraft:bundle":1,"minecraft:arrow":1,"minecraft:rotten_flesh":5,"minecraft:hay_block":6,"minecraft:granite":12,"minecraft:saddle":1,"minecraft:oak_sapling":3,"minecraft:coal":66,"minecraft:cobblestone":863},"minecraft:used":{"minecraft:oak_fence":1,"minecraft:cobblestone_stairs":6,"minecraft:stone_shovel":101,"minecraft:stone_pickaxe":468,"minecraft:oak_planks":26,"minecraft:wooden_pickaxe":61,"minecraft:iron_sword":132,"vanillaplustools:stone_hammer":68,"minecraft:iron_chestplate":1,"minecraft:oak_door":2,"minecraft:torch":16,"minecraft:dirt":3,"minecraft:crafting_table":2,"quark:acacia_chest":2,"minecraft:oak_log":24,"minecraft:apple":5,"minecraft:oak_stairs":93,"minecraft:bread":17,"minecraft:gravel":29,"minecraft:stone_axe":154,"minecraft:cobblestone":311,"minecraft:furnace":4,"minecraft:oak_sapling":3,"minecraft:andesite":3,"minecraft:acacia_fence":12,"tombstone:gift":2,"minecraft:yellow_bed":2,"alexsmobs:animal_dictionary":2,"minecraft:potato":8},"minecraft:killed":{"undead_revamp2:theimmortal":9,"enemyexpansion:goblin_fear":1,"minecraft:skeleton":1,"undead_revamp2:thesomnolence":2,"enemyexpansion:vampire":1,"enemyexpansion:vampflyer":1},"minecraft:dropped":{"minecraft:iron_sword":1,"minecraft:saddle":1,"minecraft:potato":1},"minecraft:killed_by":{"minecraft:zombie":2,"enemyexpansion:vampire":1},"minecraft:mined":{"minecraft:acacia_leaves":1,"minecraft:glass_pane":1,"minecraft:oak_door":2,"minecraft:cobblestone_stairs":6,"minecraft:oak_fence":7,"minecraft:crafting_table":1,"minecraft:torch":1,"minecraft:granite":12,"minecraft:acacia_log":25,"minecraft:grass_block":2,"minecraft:poppy":1,"minecraft:tall_grass":1,"minecraft:copper_ore":1,"minecraft:cobblestone":116,"minecraft:diorite":45,"minecraft:hay_block":6,"minecraft:iron_ore":12,"minecraft:andesite":73,"minecraft:yellow_bed":2,"minecraft:oak_stairs":70,"minecraft:grass":22,"minecraft:coal_ore":67,"minecraft:oak_log":41,"minecraft:dirt_path":6,"minecraft:oak_fence_gate":2,"minecraft:gravel":106,"minecraft:cobweb":2,"minecraft:stone":753,"minecraft:oak_leaves":11},"minecraft:crafted":{"minecraft:coal_block":1,"minecraft:oak_planks":68,"minecraft:stone_shovel":1,"vanillaplustools:stone_hammer":1,"minecraft:crafting_table":1,"minecraft:wooden_pickaxe":1,"minecraft:furnace":4,"minecraft:stone_axe":2,"minecraft:bread":18,"quark:acacia_chest":2,"minecraft:stick":44,"minecraft:stone_pickaxe":13,"minecraft:oak_stairs":28,"minecraft:acacia_fence":12,"minecraft:acacia_planks":100,"minecraft:torch":20,"minecraft:wheat":54},"minecraft:broken":{"minecraft:stone_pickaxe":3,"minecraft:stone_axe":1,"minecraft:wooden_pickaxe":1}},"DataVersion":3465}